{
  "metadata": {
    "random_state": 42,
    "test_size": 0.3,
    "positive_class": "Approved (1)",
    "features": [
      "Age",
      "Income",
      "LoanAmount",
      "CreditScore"
    ],
    "data_path": "case-studies\\loan-approval\\data\\loan_approval_data.csv",
    "policy": {
      "threshold_selection": "precision_floor",
      "min_precision": 0.9,
      "threshold": 0.32
    }
  },
  "baseline_logistic_regression": {
    "tn": 391,
    "fp": 33,
    "fn": 114,
    "tp": 62,
    "accuracy": 0.755,
    "roc_auc": 0.7554004073756432,
    "precision_ppv": 0.6526315789473685,
    "recall_sensitivity": 0.3522727272727273,
    "specificity": 0.9221698113207547,
    "f1": 0.4575645756457565,
    "brier": 0.1698264705457388,
    "support_test": 600,
    "positive_rate_test": 0.29333333333333333
  },
  "xgboost_default_threshold": {
    "tn": 382,
    "fp": 42,
    "fn": 108,
    "tp": 68,
    "accuracy": 0.75,
    "roc_auc": 0.7289075900514581,
    "precision_ppv": 0.6181818181818182,
    "recall_sensitivity": 0.38636363636363635,
    "specificity": 0.9009433962264151,
    "f1": 0.4755244755244755,
    "brier": 0.17639456689357758,
    "support_test": 600,
    "positive_rate_test": 0.29333333333333333
  },
  "xgboost_policy_threshold": {
    "tn": 306,
    "fp": 118,
    "fn": 63,
    "tp": 113,
    "accuracy": 0.6983333333333334,
    "roc_auc": 0.7289075900514581,
    "precision_ppv": 0.48917748917748916,
    "recall_sensitivity": 0.6420454545454546,
    "specificity": 0.7216981132075472,
    "f1": 0.5552825552825553,
    "brier": 0.17639456689357758,
    "support_test": 600,
    "positive_rate_test": 0.29333333333333333
  }
}