{
  "accuracy": 0.505,
  "roc_auc": 0.5055549994995496,
  "precision": 0.4888888888888889,
  "recall": 0.4536082474226804,
  "f1": 0.47058823529411764,
  "test_rows": 200,
  "random_state": 42,
  "features": [
    "FG_PCT_HOME",
    "FG_PCT_AWAY",
    "REB_HOME",
    "REB_AWAY",
    "AST_HOME",
    "AST_AWAY"
  ]
}